epoch,train_loss,lr,epoch_time,step
0,0.056746048856781334,0.0001,59.43983030319214,468
1,0.032025351933338955,0.0,59.181533336639404,936
