{
  "overall": {
    "mse": 0.030514660477638244,
    "mae": 0.060526227578520775,
    "psnr": 15.162164211273193,
    "ssim": 0.7804281953349663
  },
  "noise_robustness": {
    "0.1": {
      "mse": 0.014709134772419929,
      "mae": 0.03877553343772888,
      "psnr": 18.32976016998291,
      "ssim": 0.8794471003696888
    },
    "0.3": {
      "mse": 0.017545998841524125,
      "mae": 0.04264802113175392,
      "psnr": 17.563401985168458,
      "ssim": 0.8597992702862074
    },
    "0.7": {
      "mse": 0.03487698696553707,
      "mae": 0.06671560071408748,
      "psnr": 14.580561637878418,
      "ssim": 0.7426278088140927
    },
    "1.0": {
      "mse": 0.054094310477375986,
      "mae": 0.09210117757320405,
      "psnr": 12.672541522979737,
      "ssim": 0.626489155153157
    }
  }
}